<?xml version="1.0" encoding="UTF-8" ?><GUIDE><INFO><AUTHORS><AUTHOR><NAME>Anonymous</NAME></AUTHOR></AUTHORS><TOOL>A2J</TOOL><TOOLVERSION>2012-04-19</TOOLVERSION><AVATAR>avatar1</AVATAR><GUIDEGENDER>Female</GUIDEGENDER><DESCRIPTION><P>This is a description of my interview.</P></DESCRIPTION><JURISDICTION>Jurisdiction of my interview</JURISDICTION><LANGUAGE>es</LANGUAGE><NOTES>6/24/2015 interview created.</NOTES><SENDFEEDBACK>false</SENDFEEDBACK><SUBJECTAREA>Jurisdiction of my interview</SUBJECTAREA><TITLE>Foo Bar 456789</TITLE><VERSION>6/24/2015</VERSION><VIEWER>A2J</VIEWER><FIRSTPAGE>1-Introduction</FIRSTPAGE></INFO><PAGES><PAGE NAME="1-Introduction" TYPE="A2J" MAPX="770" MAPY="970" STEP="0"><TEXT><P><FONT>This is the introduction.</FONT></P></TEXT><BUTTONS><BUTTON NEXT="2-Name"><NAME>A2J History</NAME></BUTTON></BUTTONS><FIELDS><FIELD TYPE="textpick" REQUIRED="false"><LABEL>Label</LABEL></FIELD></FIELDS></PAGE><PAGE NAME="2-Name" TYPE="A2J" MAPX="770" MAPY="1140" STEP="0"><TEXT><P><FONT>Enter your name.</FONT></P></TEXT><BUTTONS><BUTTON NEXT="3-Gender"/></BUTTONS><FIELDS><FIELD TYPE="text" ORDER="ASC" REQUIRED="true"><LABEL>First:</LABEL><NAME>Client first name TE</NAME><INVALIDPROMPT>You must type a response in the highlighted space before you can continue.</INVALIDPROMPT></FIELD><FIELD TYPE="text" ORDER="ASC" REQUIRED="false"><LABEL>Middle:</LABEL><NAME>Client middle name TE</NAME><INVALIDPROMPT>You must type a response in the highlighted space before you can continue.</INVALIDPROMPT></FIELD><FIELD TYPE="text" ORDER="ASC" REQUIRED="true"><LABEL>Last:</LABEL><NAME>Client last name TE</NAME><INVALIDPROMPT>You must type a response in the highlighted space before you can continue.</INVALIDPROMPT></FIELD></FIELDS></PAGE><PAGE NAME="3-Gender" TYPE="A2J" MAPX="1010" MAPY="870" STEP="0"><TEXT>Choose your gender.</TEXT><BUTTONS><BUTTON NEXT="1-Question 1"/></BUTTONS><FIELDS><FIELD TYPE="gender" REQUIRED="true"><LABEL>Gender:</LABEL><NAME>User Gender</NAME></FIELD></FIELDS></PAGE><PAGE NAME="1-Question 1" TYPE="A2J" MAPX="1020" MAPY="1140" STEP="1"><TEXT><P><FONT>Text of my first question goes here.</FONT></P></TEXT></PAGE></PAGES><STEPS><STEP NUMBER="0"><TEXT>ACCESS TO JUSTICE</TEXT></STEP><STEP NUMBER="1"><TEXT>DO YOU QUALIFY?</TEXT></STEP><STEP NUMBER="2"><TEXT>DO YOU AGREE?</TEXT></STEP><STEP NUMBER="3"><TEXT>YOUR INFORMATION</TEXT></STEP><STEP NUMBER="3"><TEXT>YOUR INFORMATION</TEXT></STEP></STEPS><VARIABLES><VARIABLE NAME="User Gender" TYPE="Text" COMMENT="User's gender will be used to display appopriate avatar."/><VARIABLE NAME="User Avatar" TYPE="Text"/><VARIABLE NAME="Client first name TE" TYPE="Text"/><VARIABLE NAME="Client middle name TE" TYPE="Text"/><VARIABLE NAME="Client last name TE" TYPE="Text"/><VARIABLE NAME="A2J Version" TYPE="Text" COMMENT="A2J Author Version"/><VARIABLE NAME="A2J Interview ID" TYPE="Text" COMMENT="Guide ID"/><VARIABLE NAME="A2J Bookmark" TYPE="Text" COMMENT="Current Page"/><VARIABLE NAME="A2J History" TYPE="Text" COMMENT="Progress History List (XML)"/><VARIABLE NAME="A2J Navigation TF" TYPE="TF" COMMENT="Allow navigation?"/><VARIABLE NAME="A2J Interview Incomplete TF" TYPE="TF" COMMENT="Reached Successful Exit?"/><VARIABLE NAME="A2J Step 0" TYPE="Text"/><VARIABLE NAME="A2J Step 1" TYPE="Text"/><VARIABLE NAME="A2J Step 2" TYPE="Text"/><VARIABLE NAME="A2J Step 3" TYPE="Text"/><VARIABLE NAME="A2J Step 4" TYPE="Text"/><VARIABLE NAME="A2J Step 5" TYPE="Text"/><VARIABLE NAME="A2J Step 6" TYPE="Text"/><VARIABLE NAME="A2J Step 7" TYPE="Text"/><VARIABLE NAME="A2J Step 8" TYPE="Text"/><VARIABLE NAME="A2J Step 9" TYPE="Text"/><VARIABLE NAME="A2J Step 10" TYPE="Text"/><VARIABLE NAME="A2J Step 11" TYPE="Text"/></VARIABLES></GUIDE>