<SELECT>
<option value="Albany">Albany</option>
<option value="Allegany">Allegany</option>
<option value="Bronx">Bronx</option>
<option value="Broome">Broome</option>
<option value="Cattaraugus">Cattaraugus</option>
<option value="Cayuga">Cayuga</option>
<option value="Chautauqua">Chautauqua</option>
<option value="Chemung">Chemung</option>
<option value="Chenango">Chenango</option>
<option value="Clinton">Clinton</option>
<option value="Columbia">Columbia</option>
<option value="Cortland">Cortland</option>
<option value="Delaware">Delaware</option>
<option value="Dutchess">Dutchess</option>
<option value="Erie">Erie</option>
<option value="Essex">Essex</option>
<option value="Franklin">Franklin</option>
<option value="Fulton">Fulton</option>
<option value="Genesee">Genesee</option>
<option value="Greene">Greene</option>
<option value="Hamilton">Hamilton</option>
<option value="Herkimer">Herkimer</option>
<option value="Jefferson">Jefferson</option>
<option value="Kings">Kings (Brooklyn)</option>
<option value="Lewis">Lewis</option>
<option value="Livingston">Livingston</option>
<option value="Madison">Madison</option>
<option value="Monroe">Monroe</option>
<option value="Montgomery">Montgomery</option>
<option value="Nassau">Nassau</option>
<option value="New York">New York (Manhattan)</option>
<option value="Niagara">Niagara</option>
<option value="Oneida">Oneida</option>
<option value="Onondaga">Onondaga</option>
<option value="Ontario">Ontario</option>
<option value="Orange">Orange</option>
<option value="Orleans">Orleans</option>
<option value="Oswego">Oswego</option>
<option value="Otsego">Otsego</option>
<option value="Putnam">Putnam</option>
<option value="Queens">Queens</option>
<option value="Rensselaer">Rensselaer</option>
<option value="Richmond">Richmond (Staten Island)</option>
<option value="Rockland">Rockland</option>
<option value="Saint Lawrence">St. Lawrence</option>
<option value="Saratoga">Saratoga</option>
<option value="Schenectady">Schenectady</option>
<option value="Schoharie">Schoharie</option>
<option value="Schuyler">Schuyler</option>
<option value="Seneca">Seneca</option>
<option value="Steuben" id="Steuben">Steuben</option>
<option value="Suffolk">Suffolk</option>
<option value="Sullivan">Sullivan</option>
<option value="Tioga">Tioga</option>
<option value="Tompkins">Tompkins</option>
<option value="Ulster">Ulster</option>
<option value="Warren">Warren</option>
<option value="Washington">Washington</option>
<option value="Wayne">Wayne</option>
<option value="Westchester" id="Westchester">Westchester</option>
<option value="Wyoming">Wyoming</option>
<option value="Yates">Yates</option>

</SELECT>
